split,method,trials,success_rate,spill_rate,trajectory_rmse_from_baseline
test,baseline_grits,180,0.6722222222222223,0.3333333333333333,0.0
test,human_upper_bound,180,0.8555555555555555,0.19444444444444445,0.09205635012223706
test,llm_bias,180,0.7555555555555555,0.24444444444444444,0.07825803742620585
test,llm_decision_only,180,0.6388888888888888,0.2833333333333333,0.03120337456083442
test,random_bias,180,0.4222222222222222,0.28888888888888886,0.1235095180846755
